2016-8-3	G-32-4246658.xml	EYGLÓ ÓSK GÚSTAFSDÓTTIR	8
2016-8-4	G-32-4246659.xml	Bumbubolti er frábært fyrirbæri. Menn mæta undir því yfirskini að hafa...	8
2016-8-9	G-32-4246660.xml	Særðir og látnir lágu sem hráviði	8
2016-8-2	G-32-4248527.xml	Látinn eftir fall	8
2016-8-3	G-32-4248528.xml	Gylfi hjá Swansea til 2020	8
2016-8-4	G-32-4248529.xml	Svör við nokkrum spurningum yfirlækna á hjartadeild Landspítala	8
2016-8-4	G-32-4248530.xml	Bill Gates ríkari en þjóðin	8
2016-8-4	G-32-4248531.xml	Helgi Elíasson	8
2016-8-8	G-32-4248532.xml	Fjölga upplýsingaskiltum jafnt og þétt	8
2016-8-4	G-32-4250342.xml	Minni byggðakvóti en í fyrra	8
2016-8-7	G-32-4250343.xml	Heillandi hertíska	8
2016-8-2	G-32-4252117.xml	Lína kom með kærleika	8
2016-8-6	G-32-4252118.xml	ÁRBÆJARKIRKJA | Helgistund kl. 11. Sr. Petrína Mjöll Jóhannesdóttir...	8
2016-8-7	G-32-4253917.xml	María Rut Kristinsdóttir stofnaði, ásamt unnustu sinni, Ingileif...	8
2016-8-5	G-32-4255696.xml	Þarf ekkert að óttast lengur	8
2016-8-2	G-32-4257478.xml	Ólafur Ingimundarson	8
2016-8-4	G-32-4259337.xml	Af sólarglennu, framsóknarkonu og upprisu	8
2016-8-5	G-32-4259338.xml	Að sækja vatnið yfir bæjarlækinn	8
2016-8-3	G-32-4261125.xml	Þetta gerðist...	8
2016-8-6	G-32-4261126.xml	Þrír meistarar: Jón Ingvar, Jón G. og Jón F.	8
2016-8-8	G-32-4261127.xml	Til hamingju með daginn	8
2016-8-4	G-32-4262956.xml	Ingibjörg Steinunn Jónsdóttir	8
2016-8-2	G-32-4264735.xml	Reykjavík Móeiður Hekla Viðarsdóttir fæddist 23. júní 2015. Hún vó 2.996...	8
2016-8-2	G-32-4264736.xml	Guðrún Benediktsdóttir	8
2016-8-3	G-32-4264737.xml	Sjófrystur þorskur hækkar	8
2016-8-3	G-32-4266448.xml	Í ástarsambandi við sjónvarpið	8
2016-8-6	G-32-4266449.xml	Teflt í sögulegu umhverfi og öllum frjálst að skrá sig til leiks	8
2016-8-9	G-32-4266450.xml	Til hamingju með daginn	8
2016-8-4	G-32-4268293.xml	Mest lesið í vikunni	8
2016-8-4	G-32-4268294.xml	Ingibjörg Steinunn Jónsdóttir	8
2016-8-5	G-32-4268295.xml	Skrá mannvirki og þjónustu á hálendinu	8
2016-8-2	G-32-4270133.xml	Biturleiki Litla-Maurice	8
2016-8-4	G-32-4270134.xml	ÍBV – Fjölnir 0:2	8
2016-8-4	G-32-4271929.xml	María Auður Guðnadóttir	8
2016-8-9	G-32-4271930.xml	Guðrún Benediktsdóttir	8
2016-8-9	G-32-4271931.xml	Núið, fræga fólkið og sá stóri	8
2016-8-4	G-32-4273782.xml	EM karla U20 Milliriðill: Ísland – Frakkland 31:38 Mörk Íslands...	8
2016-8-6	G-32-4273783.xml	Inkasso-deild karla Huginn – KA 1:0 Stefán Ómar Magnússon 90...	8
2016-8-9	G-32-4273784.xml	Verkfæri í skóla margbreytileikans	8
2016-8-3	G-32-4277345.xml	"Kallar Clinton ""djöfulinn"""	8
2016-8-2	G-32-4279100.xml	Hvernig er hægt að koma í veg fyrir niðrandi orðræðu?	8
2016-8-4	G-32-4279101.xml	Suicide Squad	8
2016-8-4	G-32-4279102.xml	Aldrei fleiri í ævintýraferðamennsku	8
2016-8-4	G-32-4279103.xml	Horfur á kennaraskorti	8
2016-8-8	G-32-4279104.xml	Bókasöfn sameinuð í Stykkishólmi	8
2016-8-6	G-32-4280901.xml	Funduðu með Sigmundi Davíð	8
2016-8-8	G-32-4280902.xml	Hvorki söguþráður né innihald	8
2016-8-3	G-32-4282603.xml	Prófkjör Pírata á höfuðborgarsvæðinu í 10 daga	8
2016-8-9	G-32-4284397.xml	Ljóðrænn spuni á vegg	8
2016-8-9	G-32-4284398.xml	Síðasti símaklefinn er í Súðavík	8
2016-8-9	G-32-4284399.xml	Flóki Guðmundsson	8
2016-8-5	G-32-4286287.xml	Suicide Squad	8
2016-8-2	G-32-4288159.xml	Unglingar á hinum ýmsu tímum	8
2016-8-7	G-32-4288160.xml	Grænir kjósa sinn fulltrúa	8
2016-8-4	G-32-4290019.xml	Jason Bourne	8
2016-8-4	G-32-4290020.xml	Unnar Magnússon	8
2016-8-5	G-32-4290021.xml	Ekki sammála Pírötum	8
2016-8-9	G-32-4290022.xml	"""Að verða faðir færði líf mitt á dýpra stig"""	8
2016-8-4	G-32-4291818.xml	Þægilegt hjá Valsmönnum	8
2016-8-4	G-32-4291819.xml	"""Samstarfið verið mjög farsælt"""	8
2016-8-6	G-32-4291820.xml	"Af hverju þessa ""aðskilnaðarstefnu""?"	8
2016-8-8	G-32-4291821.xml	Páll Óskar greiddi sjálfur kostnaðinn við einhyrninginn	8
2016-8-2	G-32-4293674.xml	Trump hart gagnrýndur fyrir ummæli sín	8
2016-8-5	G-32-4293675.xml	Búist við umferðartöfum á Miklubraut	8
2016-8-5	G-32-4295421.xml	Ráðherrar funda eftir mánaðarfrí	8
2016-8-4	G-32-4297210.xml	Til hamingju með daginn	8
2016-8-9	G-32-4297211.xml	Einfalt heilbrigðiskerfi eða tvöfalt?	8
2016-8-4	G-32-4299019.xml	Heiminn þyrstir í samstöðu og sættir	8
2016-8-6	G-32-4299020.xml	Royal Bank of Scotland tapaði risafjárhæðum	8
2016-8-6	G-32-4299021.xml	Fanney Sigurðardóttir	8
2016-8-6	G-32-4299022.xml	Sigurrós Gísladóttir	8
2016-8-9	G-32-4299023.xml	Núgildandi lög veita litla vörn	8
2016-8-3	G-32-4300869.xml	Til hamingju með daginn	8
2016-8-2	G-32-4302686.xml	Viðgerð kostar um 1,5 milljónir	8
2016-8-8	G-32-4302687.xml	Hjálp mín kemur frá Drottni, skapara himins og jarðar. (Sálm. 121.2)...	8
2016-8-2	G-32-4304452.xml	Auðvelt hjá Hamilton	8
2016-8-4	G-32-4304453.xml	Nýr ritstjóri tekur við	8
2016-8-5	G-32-4304454.xml	Veisla og söngur í Sigtúnsgarði	8
2016-8-4	G-32-4306258.xml	KR-ingar mjaka sér frá fallbaráttusvæðinu	8
2016-8-5	G-32-4306259.xml	Kepptu í efnafræði í Georgíu	8
2016-8-8	G-32-4306260.xml	Atburðir verða á örskotsstund	8
2016-8-5	G-32-4308109.xml	Fagna breikkun, en segja að meira fé þurfi til vegamála	8
2016-8-5	G-32-4308110.xml	Peningar eru ekki allt	8
2016-8-2	G-32-4311679.xml	Talaði af sér um stöðu kvenna	8
2016-8-8	G-32-4311680.xml	Jón Daði stimplaði sig inn	8
2016-8-4	G-32-4313503.xml	Hin hliðin	8
2016-8-9	G-32-4313504.xml	Pepsi-deild karla FH – KR 0:1 Þróttur R. – Stjarnan 1:1...	8
2016-8-9	G-32-4313505.xml	Leikur Landsvirkjunar með almenning	8
2016-8-7	G-32-4315228.xml	Gallar	8
2016-8-3	G-32-4317038.xml	Þórður	8
2016-8-7	G-32-4317039.xml	Fatamarkaður á Prikinu	8
2016-8-8	G-32-4317040.xml	Erum enn að uppgötva eitthvað nýtt um forseta Bandaríkjanna	8
2016-8-3	G-32-4318907.xml	Gegn ást og umburðarlyndi	8
2016-8-7	G-32-4318908.xml	Þýski ljósmyndarinn Anja Teske opnar sýningu í Mjólkurbúðinni á Akureyri...	8
2016-8-7	G-32-4318909.xml	Marensterta með kanil, karamellu og pekanhnetum	8
2016-8-8	G-32-4318910.xml	Suicide Squad	8
2016-8-9	G-32-4318911.xml	Forskot FH tvö stig á toppi deildarinnar	8
2016-8-7	G-32-4320683.xml	Kaffi latte með hvítu súkkulaði og rjóma	8
2016-8-8	G-32-4320684.xml	Aumingja Kaplan. A-NS Norður &spade;742 &heart;K8 &diam;D9862 &klubs;D75...	8
2016-8-3	G-32-4322568.xml	Öryggi stefnt í hættu	8
2016-8-6	G-32-4322569.xml	Mikið um dýrðir í Ríó á setningarathöfn Ólympíuleikanna	8
2016-8-6	G-32-4322570.xml	Fróðleikur á hjólum	8
2016-8-7	G-32-4322571.xml	Jón Birgir Tómasson Já ég ætla í gönguna, þetta er í fyrsta skipti sem...	8
2016-8-5	G-32-4324416.xml	Selfoss hélt stigi gegn Blikum	8
2016-8-6	G-32-4324427.xml	Jens Albertsson	8
2016-8-2	G-32-4329812.xml	Zika-veiran smitast í Miami	8
2016-8-9	G-32-4329813.xml	Magnús Ólafsson	8
2016-8-9	G-32-4329814.xml	. . . hugið að berjatínslu	8
2016-8-3	G-32-4331666.xml	Afreksfólk framtíðar?	8
2016-8-4	G-32-4333487.xml	Kvikmynda gerð Oxford-orðabókarinnar	8
2016-8-8	G-32-4337048.xml	Vaxandi hugarfar til árangurs	8
2016-8-2	G-32-4338779.xml	Milljónatjón vegna fjársvika	8
2016-8-9	G-32-4338780.xml	Leynilíf Gæludýra	8
2016-8-7	G-32-4340608.xml	Valgerður Þóroddsdóttir	8
2016-8-9	G-32-4342437.xml	Gleymd fyrirheit?	8
2016-8-5	G-32-4344226.xml	Gjörbreyta þarf stefnunni	8
2016-8-7	G-32-4344227.xml	Heldur í hefðir tískuhúsanna	8
2016-8-8	G-32-4344228.xml	Óvænt jafntefli á Skipaskaga	8
2016-8-4	G-32-4346050.xml	Leigusalinn fær prósentu af því sem gesturinn kaupir	8
2016-8-8	G-32-4347853.xml	Að höfða til unga fólksins	8
2016-8-5	G-32-4349672.xml	Kvenlíkaminn nýttur til að opna augu	8
2016-8-6	G-32-4351855.xml	Andlit sólar sett upp á ný eftir viðgerð	8
2016-8-2	G-32-4355455.xml	U18 áfram í b-deild	8
2016-8-9	G-32-4355456.xml	Ingibjörg Pétursdóttir	8
2016-8-5	G-32-4357313.xml	Heldur ball í Iðnó seinna í mánuðinum	8
2016-8-3	G-32-4359178.xml	Knattspyrna Úrvalsdeild karla, Pepsi-deildin: Hásteinsvöllur: ÍBV -...	8
2016-8-7	G-32-4359179.xml	Hörður Ágústsson	8
2016-8-9	G-32-4359180.xml	Fleiri góð tilboð borist	8
2016-8-9	G-32-4360908.xml	María Sigurbjörnsdóttir	8
2016-8-9	G-32-4360909.xml	1. Rf3 d5 2. d4 c6 3. c4 e6 4. e3 Bd6 5. Rc3 f5 6. g3 Rd7 7. Bg2 Rgf6 8...	8
2016-8-4	G-32-4362689.xml	Pepsi-deild karla: Samsung-völlur: Stjarnan-Víkingur R. 20:00...	8
2016-8-4	G-32-4364479.xml	Alltaf ætlað sér í iðnaðarmennskuna	8
2016-8-4	G-32-4364480.xml	Öfugmælavísur	8
2016-8-6	G-32-4364481.xml	Kúabúskapur myndi hrynja	8
2016-8-5	G-32-4366223.xml	Hinsegin kórinn syngur í Fríkirkjunni	8
2016-8-5	G-32-4366224.xml	Flóttaleið fagurgalans	8
2016-8-9	G-32-4366225.xml	Viðvörunarbjöllurnar voru alls staðar en það var slökkt á þeim	8
2016-8-3	G-32-4368022.xml	Reykjavík Hugi Þór Jónasson fæddist 2. júlí 2015. Hann vó 3.742 g og var...	8
2016-8-3	G-32-4368023.xml	Irina Sazonova	8
2016-8-9	G-32-4371773.xml	Þetta gerðist...	8
2016-8-8	G-32-4373558.xml	1:0 Gunnar Már Guðmundsson 18. með skalla eftir að Marcus Solberg vann...	8
2016-8-5	G-32-4377175.xml	Bækur í Leikhúsinu	8
2016-8-6	G-32-4377176.xml	Er næsti verðlaunahafi hér?	8
2016-8-6	G-32-4379023.xml	Huginn skellti gulum Akureyringum	8
2016-8-8	G-32-4379024.xml	Tap á Hörpu þrátt fyrir lækkun fasteignagjalda	8
2016-8-6	G-32-4380796.xml	Minjar um smábátaútgerð	8
2016-8-4	G-32-4382672.xml	Vilja vita allt um heitu ána	8
2016-8-8	G-32-4386291.xml	Víkverji	8
2016-8-2	G-32-4388096.xml	Fleiri kostir verða kannaðir	8
2016-8-2	G-32-4389944.xml	Viðar Örn markahæstur í Svíþjóð	8
2016-8-7	G-32-4391708.xml	Gufusjóða uppskeruna	8
2016-8-2	G-32-4393524.xml	Undirmálsslemma. S-Allir Norður &spade;93 &heart;D8742 &diam;1082...	8
2016-8-2	G-32-4395302.xml	Leikir Hauka ytra	8
2016-8-9	G-32-4395303.xml	Ákveðum ekki kjördag undir hótunum	8
2016-8-7	G-32-4397135.xml	NETÖSKUR, upphrópunarmerki og almenn reiði!!!	8
2016-8-8	G-32-4397136.xml	Heiðin skipulögð	8
2016-8-4	G-32-4398918.xml	Þéttar raðir	8
2016-8-4	G-32-4400721.xml	Wise einn besti samstarfsaðili Microsoft	8
2016-8-3	G-32-4402511.xml	Róbert Andri Kristjánsson	8
2016-8-6	G-32-4402512.xml	Í þriðja sinn á Ólympíuleikum	8
2016-8-9	G-32-4402513.xml	The Maccabees leggur upp laupana	8
2016-8-2	G-32-4407962.xml	Fólkið elti góða veðrið	8
2016-8-8	G-32-4407963.xml	Áhugi á skyri á fjarlægum mörkuðum	8
2016-8-9	G-32-4407964.xml	Rannsóknin sé í samræmi við alþjóðalög	8
2016-8-5	G-32-4409724.xml	Eiríkur Kristófersson	8
2016-8-6	G-32-4411526.xml	34 ára gamalt met féll í Vatnaskógi	8
2016-8-4	G-32-4413349.xml	Vilberg Eiríksson	8
2016-8-2	G-32-4417008.xml	Framarar styrkja sig	8
2016-8-3	G-32-4417009.xml	Ekki skyldi skaðvaldinum gleymt	8
2016-8-9	G-32-4418846.xml	Nýr listrænn stjórnandi Listahátíðar	8
2016-8-4	G-32-4420678.xml	Aukið úrval kleinuhringja	8
2016-8-4	G-32-4420679.xml	Magnús Ó. Kjartansson	8
2016-8-5	G-32-4420680.xml	Lét flúra Hraundranga á sig 88 ára gamall	8
2016-8-6	G-32-4420681.xml	Þungvopnaðir hermenn við fætur Krists	8
2016-8-8	G-32-4420682.xml	Handknattleiksdómararnir Anton Gylfi Pálsson og Jónas Elíasson stigu...	8
2016-8-5	G-32-4422534.xml	Sumarljóð og tilgangur lífsins	8
2016-8-7	G-32-4422535.xml	Súkkulaðiostakaka	8
2016-8-4	G-32-4426151.xml	Snjallsímar lenda í ýmsu	8
2016-8-5	G-32-4427887.xml	1. d4 Rf6 2. Bf4 g6 3. Rc3 d5 4. e3 Bg7 5. h4 c6 6. Be2 h5 7. Dd2 Bf5 8...	8
2016-8-4	G-32-4429707.xml	Eignaaukning og skuldalækkun	8
2016-8-5	G-32-4429708.xml	Arabíunætur og mannætublóm	8
2016-8-6	G-32-4429709.xml	Hvar var ljósið?	8
2016-8-2	G-32-4431537.xml	Oyama, Teitur og Indriði á Húrra	8
2016-8-3	G-32-4431538.xml	Munnur minn er fullur lofgjörðar um þig, af lofsöng um dýrð þína allan...	8
2016-8-2	G-32-4433312.xml	Dragsúgur Extravaganza	8
2016-8-5	G-32-4435106.xml	Guðrún Tómasdóttir	8
2016-8-7	G-32-4435133.xml	"Stefán Jónsson segir frá höggmyndaröð sinni ""Kjarvalar"" á..."	8
2016-8-3	G-32-4436966.xml	Margir ósáttir með greiðslu vaxtabóta	8
2016-8-5	G-32-4436967.xml	Rokkið skekur Hafnarfjörð	8
2016-8-5	G-32-4436968.xml	Til hamingju með daginn	8
2016-8-4	G-32-4438832.xml	Jafnræði öreiganna	8
2016-8-8	G-32-4438833.xml	Fjölnir í 2. sæti eftir stórsigur á ÍA	8
2016-8-8	G-32-4438834.xml	Birgir á 10 undir pari	8
2016-8-9	G-32-4438835.xml	Málið	8
2016-8-9	G-32-4438836.xml	Tveimur háskólamönnum var rænt	8
2016-8-2	G-32-4440627.xml	Þetta gerðist...	8
2016-8-7	G-32-4440628.xml	Mikill stökkkraftur	8
2016-8-4	G-32-4442536.xml	Bjarney Halldóra Bjarnadóttir	8
2016-8-5	G-32-4444257.xml	KNATTSPYRNA 1.deild karla, Inkasso-deildin: Seyðisfjarðarvöllur: Huginn...	8
2016-8-7	G-32-4444258.xml	Pálina Buch Já, ég ætla að gera það eða alla vega taka þátt í einhverju...	8
2016-8-4	G-32-4445995.xml	Bíóupplifun sem er sérsniðin að foreldrum í fæðingarorlofi	8
2016-8-2	G-32-4447817.xml	EM karla U20 Ísland – Spánn 28:28...	8
2016-8-4	G-32-4447818.xml	Safnið er enn að stækka	8
2016-8-6	G-32-4449685.xml	Óveður og stormur í grófu Pakkhúsinu	8
2016-8-6	G-32-4449686.xml	Magnús Jónsson	8
2016-8-8	G-32-4449687.xml	Sveitarstjórnir ráða lokunum	8
2016-8-8	G-32-4449688.xml	Rafmagnsreiðhjóli rúllað í kerru	8
2016-8-9	G-32-4449689.xml	Kynning á furðusagnahátíð	8
2016-8-4	G-32-4451490.xml	Fjölmenni naut matarmenningar í Fógetagarði	8
2016-8-8	G-32-4451491.xml	"""Gerði allt sem ég gat"""	8
2016-8-3	G-32-4453305.xml	Ólíkar greinar í boði á Unglingalandsmótinu	8
2016-8-5	G-32-4455059.xml	Tap kvóta og skerðing heimilda áfall	8
2016-8-4	G-32-4456864.xml	Róbert Þröstur Skarphéðinsson	8
2016-8-9	G-32-4458632.xml	Phelps bætti gulli í safnið	8
2016-8-3	G-32-4462196.xml	Lokasprettur strandveiðanna	8
2016-8-4	G-32-4462197.xml	Ísland besta staðsetning gagnavera í heiminum	8
2016-8-5	G-32-4462198.xml	Flottur fjórðungur	8
2016-8-3	G-32-4465761.xml	Af orsakasamhengi og mállýskum	8
2016-8-4	G-32-4465762.xml	Tekið harðar á ungum brotamönnum	8
2016-8-7	G-32-4469361.xml	Gráta bak við sólgleraugun	8
2016-8-7	G-32-4469362.xml	Nýr Panthella-lampi	8
2016-8-2	G-32-4473017.xml	Fjölbreytni og frelsi að leiðarljósi	8
2016-8-6	G-32-4473018.xml	Róbert Þröstur Skarphéðinsson	8
2016-8-9	G-32-4473019.xml	Ráðið í stöður hjá Skógræktinni	8
2016-8-2	G-32-4474822.xml	EM stúlkna U18 Ísland – Grikkland 61:65 Ísland – Bosnía...	8
2016-8-6	G-32-4474824.xml	Hroðvirknisleg gatnagerð	8
2016-8-2	G-32-4476579.xml	Ghostbusters Endurgerðin kemur út 30 árum eftir að fyrstu draugabanarnir...	8
2016-8-6	G-32-4476580.xml	MS er verkfæri í þágu samfélagsins	8
2016-8-8	G-32-4476581.xml	Harðari afstaða tekin	8
2016-8-9	G-32-4476582.xml	Fjárhagslegt leynimakk Samfylkingar er óbreytt	8
2016-8-3	G-32-4478379.xml	Strákarnir þurfa eitt stig gegn sterkum Frökkum	8
2016-8-5	G-32-4478380.xml	Ákvörðun Jakobs Arnar kom ekki á óvart	8
2016-8-5	G-32-4478381.xml	Þormóður í spor Bjarna	8
2016-8-5	G-32-4478382.xml	Breiðablik – Selfoss 0:0	8
2016-8-3	G-32-4480140.xml	Viðgerðir á vængjum Hallgrímskirkju	8
2016-8-4	G-32-4480141.xml	FH skaut ÍA niður	8
2016-8-5	G-32-4480142.xml	Rakari og fyrrum ráðherra segja frá	8
2016-8-8	G-32-4480143.xml	Elskar hnébeygjur og tekur 110 kíló með bumbuna út í loftið	8
2016-8-8	G-32-4480144.xml	Engin Svíagrýla hjá Degi	8
2016-8-7	G-32-4481973.xml	"""Alveg makalaust handbragð"""	8
2016-8-4	G-32-4483733.xml	Teva tryggir sér Actavis	8
2016-8-5	G-32-4485446.xml	Ian Anderson leikur í Hallgrímskirkju	8
2016-8-9	G-32-4487217.xml	Íslensk ber komin í verslanir	8
2016-8-2	G-32-4489033.xml	Allir geti rækt sérkenni sín	8
2016-8-4	G-32-4489034.xml	Sjötti hver án réttinda	8
2016-8-9	G-32-4489035.xml	Dýrin í skóginum	8
2016-8-4	G-32-4533544.xml	ÍA – FH 1:3	8
2016-8-2	G-32-4609602.xml	Sigurbjörn Árni mun toppa í Ríó	8
2016-8-9	G-32-4609643.xml	FH – KR 0:1	8
2016-8-4	G-32-4677269.xml	Málið	8
2016-8-6	G-32-4742773.xml	Hleruðu símtöl alþingismanna	8
2016-8-2	G-32-4813066.xml	Svört skýrsla AGS	8
2016-8-8	G-32-4813103.xml	England Samfélagsskjöldurinn: Leicester – Man Utd 1:2 Jamie Vardy...	8
2016-8-4	G-32-4876175.xml	Jóhannes Kári Bragason	8
2016-8-5	G-32-4876196.xml	Leynilíf Gæludýra	8
2016-8-6	G-32-4876215.xml	John Kerry mun funda með Tyrkjum	8
2016-8-8	G-32-4876224.xml	Leynilíf Gæludýra	8
2016-8-4	G-32-4946000.xml	Vill fara aftur á þing	8
2016-8-2	G-32-4959628.xml	Nýrnaskaði í kjölfar aðgerðar	8
2016-8-7	G-32-4959644.xml	Múslí, grísk jógúrt og ber	8
2016-8-9	G-32-4959645.xml	Iðnaðarmenn skortir mjög	8
2016-8-9	G-32-4959646.xml	Norður-Atlantshafið bleytir ferðamenn	8
2016-8-5	G-32-4964246.xml	1:0 Hilmar Árni Halldórsson 18. skoraði með föstu og hnitmiðuðu skoti af...	8
2016-8-9	G-32-4964247.xml	Léleg heilsa líklegri í uppsveiflu	8
2016-8-9	G-32-4964248.xml	46. alþjóðlega keltneska listahátíðin var sett í bænum Lorient í...	8
2016-8-2	G-32-4968617.xml	Eyjólfur Halldórsson skoraði 17 stig og Þórir Þorbjarnarson 15 stig...	8
2016-8-3	G-32-4968618.xml	Sigurrós Gísladóttir	8
2016-8-4	G-32-4973121.xml	Ásmundur sækist eftir 1.-2. sæti	8
2016-8-4	G-32-4973122.xml	Deilir afmælisdeginum með ömmu	8
2016-8-8	G-32-4977698.xml	Mikið gekk á hjá Arnóri Ingva Traustasyni , landsliðsmanni í...	8
2016-8-8	G-32-4981195.xml	"Frambjóðendur ""hurfu"" af listanum"	8
2016-8-4	G-32-4982986.xml	Dulin gengisáhætta Íslendinga	8
2016-8-3	G-32-4984831.xml	Tónlistin bergmálar um bæinn	8
2016-8-4	G-32-4988458.xml	Sólin lék við borgarbúa á Klambratúni síðdegis í gær þegar...	8
2016-8-6	G-32-4988459.xml	Mánudagurinn 25. september árið 2000. Krakkarnir í 6.B sátu í hring í...	8
2016-8-9	G-32-4990290.xml	Lilja Bjargey Pétursdóttir	8
2016-8-3	G-32-4992085.xml	Aron valinn bestur	8
2016-8-2	G-32-4993846.xml	Ég fékk mér morgunmat	8
2016-8-4	G-32-4993847.xml	Tónlistarhátíð allan daginn	8
2016-8-4	G-32-4993848.xml	Hagfræðingum er vorkunn	8
2016-8-5	G-32-4993849.xml	Forskotið eykst	8
2016-8-5	G-32-4993850.xml	Brúarhlaupið og boltastrákarnir	8
2016-8-7	G-32-4993851.xml	Listin springur út þótt veðrið kólni	8
2016-8-5	G-32-4995697.xml	Sjöfn Sæmundsdóttir	8
2016-8-4	G-32-4997491.xml	Sólborg Rósa Hjálmarsdóttir	8
2016-8-5	G-32-4997492.xml	Eru ekki allir dagar hinsegin?	8
2016-8-9	G-32-4997493.xml	1:0 Árni Vilhjálmsson 8. skoraði með skoti af stuttu færi eftir vel...	8
2016-8-5	G-32-4999351.xml	Dagný María Sigurðardóttir	8
2016-8-6	G-32-4999352.xml	Ásta Aðalheiður Sigurbjörnsdóttir	8
2016-8-7	G-32-4999353.xml	"""Björk, takk fyrir líf mitt, takk fyrir íslenskuna"""	8
2016-8-8	G-32-4999354.xml	Nýr grunnskóli tekur ekki til starfa í haust	8
2016-8-8	G-32-4999355.xml	Pepsi-deild karla Víkingur Ó – ÍBV 0:1 Fjölnir – ÍA 4:0...	8
2016-8-4	G-32-5001099.xml	Fjölnismenn gáfu fá færi á sér	8
2016-8-6	G-32-5002899.xml	Stórkostlegt skor Rúnars	8
2016-8-2	G-32-5004677.xml	Jafntefli gegn Spáni	8
2016-8-6	G-32-5004678.xml	Jóhann teflir á Ólympíumótinu í Bakú	8
2016-8-8	G-32-5004679.xml	FH bikarmeistari í frjálsum íþróttum	8
2016-8-9	G-32-5004680.xml	Kannabis í iðnaðarhúsi í Garðabæ	8
2016-8-9	G-32-5008387.xml	Faraldrar rísa og hníga	8
2016-8-4	G-32-5008393.xml	Arnold B. Bjarnason	8
2016-8-5	G-32-5008394.xml	Gengu í gildru talibana	8
2016-8-8	G-32-5008395.xml	Aftur reið Anton á vaðið á ÓL	8
2016-8-9	G-32-5008396.xml	Guðni Gunnar Jónsson	8
2016-8-5	G-32-5010257.xml	Jason Bourne Nokkur ár eru liðin frá því Jason Bourne lét sig hverfa...	8
2016-8-6	G-32-5010258.xml	Leynilíf Gæludýra	8
2016-8-6	G-32-5010259.xml	Sveitarómantík og fyrri alda tónlist	8
2016-8-7	G-32-5017209.xml	Næstum súperfæði	8
2016-8-9	G-32-5017210.xml	KNATTSPYRNA Úrvalsdeild kvenna, Pepsi-deildin: Hásteinsvöllur: ÍBV -...	8
2016-8-5	G-32-5025105.xml	Hersveitir Sýrlandsforseta herða nú tak sitt á Aleppo	8
2016-8-7	G-32-5025106.xml	Sigrún Erla Valdimarsdóttir Ég ætla kannski að fara, fer eftir því hvort...	8
2016-8-2	G-32-5026955.xml	Heimamaðurinn bestur	8
2016-8-2	G-32-5026956.xml	Magnús Ólafsson	8
2016-8-3	G-32-5026957.xml	Harðlína Pírata	8
2016-8-3	G-32-5026958.xml	Hélt að það væri botnfast	8
2016-8-3	G-32-5026959.xml	Bretar elska fiskinn okkar	8
2016-8-3	G-32-5030490.xml	Guernica – að gefnu tilefni	8
2016-8-4	G-32-5030491.xml	68 högg Haralds	8
2016-8-4	G-32-5032352.xml	Vilja fjölga flughermum	8
2016-8-5	G-32-5032353.xml	Játning: Ég fylgdist ekkert sérstaklega mikið með íþróttum áður en ég...	8
2016-8-8	G-32-5032354.xml	Þriðji valkosturinn gæti breytt niðurstöðu kosninganna	8
2016-8-6	G-32-5034664.xml	Ung telpa var myrt af föður	8
2016-8-4	G-32-5036477.xml	Ómar og Lína Langsokkur í Ólafsdal	8
2016-8-5	G-32-5036478.xml	Ingibjörg Steinunn Jónsdóttir	8
2016-8-6	G-32-5036479.xml	Völt er veraldarblíða	8
2016-8-8	G-32-5038285.xml	Anna Guðríður Hallsdóttir	8
2016-8-6	G-32-5040138.xml	Margrét Oddgeirsdóttir	8
2016-8-9	G-32-5040139.xml	Hjartaheilsa karla verri í uppsveiflu	8
2016-8-9	G-32-5040140.xml	Heiðdís Eva Óskarsdóttir og Anja Sæberg Björnsdóttir héldu tombólu fyrir...	8
2016-8-4	G-32-5043820.xml	Hinsegin sokkar á Hinsegin dögum	8
2016-8-5	G-32-5043821.xml	Þess vegna, mínir elskuðu bræður, verið staðfastir, óbifanlegir...	8
2016-8-3	G-32-5047394.xml	Anton Sveinn Mckee	8
2016-8-4	G-32-5047395.xml	Stjórnvöld í Tyrklandi virði réttarríkið	8
2016-8-4	G-32-5047396.xml	Meir en milljón kleinuhringir seldir	8
2016-8-3	G-32-5049161.xml	Suicide Squad b-12	8
2016-8-4	G-32-5049162.xml	Þegar starfsmennirnir eru hér og þar	8
2016-8-9	G-32-5049163.xml	Af fótboltamótum 2016	8
2016-8-8	G-32-5052790.xml	Magnfríður Perla Gústafsdóttir	8
2016-8-2	G-32-5054637.xml	Komin í hljómsveit	8
2016-8-5	G-32-5054638.xml	Víkverji	8
2016-8-6	G-32-5054639.xml	Gleðiganga um miðbæinn að Arnarhóli	8
2016-8-3	G-32-5056435.xml	Munaði sáralitlu hjá Rosenborg	8
2016-8-4	G-32-5056436.xml	Ráðherra vísar gagnrýni á bug	8
2016-8-9	G-32-5058196.xml	"""Þetta er fordæmalaus ósvífni"""	8
2016-8-3	G-32-5060057.xml	Búa til tækifæri fyrir áhorfendur og listamenn	8
2016-8-6	G-32-5060058.xml	Samstaðan fleytir okkur langt	8
2016-8-4	G-32-5061885.xml	Léttir fiðlusmellir og klassískar perlur	8
2016-8-9	G-32-5061886.xml	"""Með betri árangri sem ég man eftir"""	8
2016-8-7	G-32-5065443.xml	Innlent Júlía margrét Alexandersdóttir julia@mbl.is	8
2016-8-9	G-32-5067234.xml	Átta ára áttunda áttunda	8
2016-8-2	G-32-5069027.xml	Talsvert er af fiski en takan er treg	8
2016-8-5	G-32-5069028.xml	Sólin lokkar fólk út á götur og í hreyfingu	8
2016-8-5	G-32-5069029.xml	Tveimur milljörðum minna í vaxtabætur	8
2016-8-9	G-32-5069030.xml	Vaðlaheiðargöng verða ávísun á taprekstur	8
2016-8-5	G-32-5070840.xml	Óþekktur sjómaður	8
2016-8-5	G-32-5070841.xml	Pétur Vignir Yngvason	8
2016-8-8	G-32-5070842.xml	Spenna bæði á toppi og botni	8
2016-8-5	G-32-5072615.xml	Birgir Leifur fer vel af stað	8
2016-8-4	G-32-5072639.xml	Fjölgun útlendinga á skattskrá	8
2016-8-7	G-32-5072640.xml	Gæti sá þriðji haft áhrif?	8
2016-8-2	G-32-5074409.xml	Um 1500 keppendur í Borgarnesi	8
2016-8-6	G-32-5074410.xml	Víkverji	8
2016-8-3	G-32-5077880.xml	Æskudraumurinn rætist	8
2016-8-5	G-32-5077881.xml	Reykjavík Almar Orri Aronsson fæddist í Reykjavík 9. júlí 2016. Hann vó...	8
2016-8-6	G-32-5077882.xml	Málið	8
2016-8-6	G-32-5077883.xml	Sigríður Eyþórsdóttir	8
2016-8-3	G-32-5079709.xml	Umdeildir, en ekki einu sinni byrjaðir	8
2016-8-9	G-32-5079710.xml	Önnur þrennan í deildinni á tímabilinu	8
2016-8-4	G-32-5081480.xml	Fjöldi erlendra kylfinga eykst	8
2016-8-7	G-32-5081481.xml	Aðalheiður Valgeirsdóttir, Anna Jóa, Hulda Hrönn Ágústsdóttir og...	8
2016-8-8	G-32-5081482.xml	Þakkir til Rafha	8
2016-8-9	G-32-5081483.xml	0:1 Kennie Chopart 90. fékk góða stungusendingu frá Hansen, hljóp...	8
2016-8-4	G-32-5083314.xml	Sumir skemmast við Pokémonleit	8
2016-8-3	G-32-5085154.xml	Gleðirendur við MR	8
2016-8-2	G-32-5086912.xml	Hver er hún?	8
2016-8-4	G-32-5086913.xml	1. Rf3 d5 2. e3 Rf6 3. c4 c6 4. Rc3 e6 5. d4 Rbd7 6. Dc2 Bb4 7. Bd3 De7...	8
2016-8-8	G-32-5086914.xml	Sunna Mist Sigurðardóttir	8
2016-8-8	G-32-5086915.xml	0:1 Gunnar Heiðar Þorvaldsson 5. komst einn gegn markmanni eftir útspark...	8
2016-8-5	G-32-5090573.xml	BankNordik með 1,8 milljarða rekstrar hagnað	8
2016-8-2	G-32-5092278.xml	Ekki verið hlýrra í júlí frá 2010	8
2016-8-3	G-32-5092279.xml	Hrafnhildur Lúthersdóttir	8
2016-8-3	G-32-5092280.xml	Rekstraraðilar nýs framhaldsskóla ákveðnir	8
2016-8-9	G-32-5092281.xml	Fanney Sigurðardóttir	8
2016-8-3	G-32-5094048.xml	Opna nýjan fjallaskála við Laugaveg	8
2016-8-4	G-32-5095856.xml	Reykur kom upp í báti	8
2016-8-5	G-32-5097568.xml	Norðaustanáttin var hlýrri núna	8
2016-8-9	G-32-5097569.xml	Markus Eriksson kvartett á Kex	8
2016-8-3	G-32-5099293.xml	Heimsækir Verónu á Ítalíu á tímamótum	8
2016-8-6	G-32-5101098.xml	Valdimar Helgi Eiríksson	8
2016-8-9	G-32-5101099.xml	Árangur sem ekki sést oft hjá Íslendingum	8
2016-8-9	G-32-5101100.xml	Magnús Ingi Sigurðsson	8
2016-8-2	G-32-5102933.xml	Sjöunda jafntefli Keflvíkinga	8
2016-8-5	G-32-5104747.xml	Heitir áfram Actavis eftir yfirtökuna	8
2016-8-6	G-32-5108471.xml	Atli Viðar sló met Inga Björns	8
2016-8-6	G-32-5108472.xml	Seljum landið, en eigum það samt	8
2016-8-9	G-32-5108473.xml	Auðn lenti í 3. sæti á Wacken	8
2016-8-5	G-32-5110212.xml	Hvaða þjónusta er á miðhálendinu?	8
2016-8-2	G-32-5110217.xml	Skiptir máli hvernig viðgerð á freskum er háttað	8
2016-8-2	G-32-5110218.xml	Víkverji	8
2016-8-3	G-32-5112016.xml	Þjóðsöngurinn ómar alla miðvikudaga	8
2016-8-4	G-32-5112017.xml	Þitt orð er lampi fóta minna og ljós á vegum mínum. (Sálm. 119:105)...	8
2016-8-4	G-32-5112018.xml	Gersemar listasafnarans Bowie	8
2016-8-5	G-32-5113786.xml	Hýrir drykkir og dömur	8
2016-8-6	G-32-5115604.xml	Gömul pör og ný. S-NS Norður &spade;9 &heart;G54 &diam;DG104...	8
2016-8-8	G-32-5115605.xml	Árangur íslensku stelpnanna mikil hvatning	8
2016-8-2	G-32-5117444.xml	Ófeigur	8
2016-8-7	G-32-5117445.xml	Pallaball er í kvöld, laugardag á Nasa . Páll Óskar Hjálmtýsson snýr...	8
2016-8-2	G-32-5119203.xml	Aron skoraði beint úr aukaspyrnu	8
2016-8-4	G-32-5119204.xml	Lítill árangur af banni	8
2016-8-8	G-32-5119205.xml	Hömlulaus áhættuhegðun bankastjórnenda	8
2016-8-4	G-32-5120997.xml	Nasdaq Composite færist nær methæðum	8
2016-8-4	G-32-5120998.xml	Meistararnir stöðvuðu ÍA	8
2016-8-5	G-32-5120999.xml	Nauðgari slapp við dóm með giftingu	8
2016-8-6	G-32-5121000.xml	Guðmundur B. Rósmundsson	8
2016-8-6	G-32-5122801.xml	Sagan drýpur af hverju strái	8
2016-8-8	G-32-5122802.xml	Jón William Andrésson	8
2016-8-4	G-32-5124619.xml	Ásdís Gísladóttir	8
2016-8-6	G-32-5124620.xml	Ýtir listamönnum út í ótrúlegustu hluti	8
2016-8-6	G-32-5124621.xml	Sigrún Laxdal	8
2016-8-7	G-32-5124622.xml	Hlýlegt heimili í Breiðholti	8
2016-8-7	G-32-5124623.xml	Svart er svalt	8
2016-8-8	G-32-5124624.xml	0:1 Kristinn Ingi Halldórsson 35. með skoti af stuttu færi eftir að...	8
2016-8-6	G-32-5126395.xml	Ómar Ingi Magnússon skoraði sex mörk fyrir íslenska U20-landsliðið í...	8
2016-8-3	G-32-5128277.xml	Íþrótta maður dagsins	8
2016-8-3	G-32-5130142.xml	Jason Bourne	8
2016-8-4	G-32-5130143.xml	Rafbækurnar eiga mikið inni	8
2016-8-4	G-32-5131916.xml	Sigur Rós leikur með Fílharmóníusveit LA	8
2016-8-8	G-32-5131917.xml	Stiglitz segir sig úr Panama-nefnd	8
2016-8-9	G-32-5131918.xml	Nýr leikskóli opnaður í Hafnarfirði	8
2016-8-4	G-32-5135472.xml	Sigur Rós til Los Angeles	8
2016-8-7	G-32-5135473.xml	Súkkulaðimarens með jarðarberjum	8
2016-8-8	G-32-5135474.xml	Markasúpa skildi eftir sig óbragð hjá báðum liðum	8
2016-8-2	G-32-5137264.xml	Magnús Ólafsson	8
2016-8-7	G-32-5139042.xml	Glerhákarl og möndlumauk, margir éta saman	8
2016-8-7	G-32-5139043.xml	Dýrmætur farmur til Ríó	8
2016-8-8	G-32-5139044.xml	Ástralía fengið flest gullverðlaun	8
2016-8-4	G-32-5140941.xml	Notar sjálfa sig sem birtingarmynd	8
2016-8-8	G-32-5140942.xml	Mesta þörfin fyrir hjúkrunarheimili er á Suðurnesjum	8
2016-8-2	G-32-5146215.xml	Fer á Sólheima og Dalvík	8
2016-8-9	G-32-5146216.xml	"""Strauss með frönskum"""	8
2016-8-6	G-32-5147963.xml	Atli Viðar Kristinsson	8
2016-8-8	G-32-5147964.xml	Óðinn í liði mótsins á EM	8
2016-8-4	G-32-5149739.xml	Lýðháskólann á Laugarvatn	8
2016-8-6	G-32-5149740.xml	Clapton með stærsta laxinn	8
2016-8-2	G-32-5151527.xml	Sogaðist inn í fallegt afl Hinsegin daga	8
2016-8-4	G-32-5151528.xml	1:0 Sigurður Egill Lárusson 8. með skoti eftir sendingu Kristins Inga...	8
2016-8-8	G-32-5157047.xml	Sauðfjárbændur afneita vandanum	8
2016-8-9	G-32-5157048.xml	Hvetjandi sambúð	8
2016-8-9	G-32-5157049.xml	Misstu hlutverkið	8
2016-8-9	G-32-5157050.xml	"""Það er setið um góða iðnaðarmenn"""	8
2016-8-8	G-32-5158888.xml	Ekkert annað kom til greina en sjómennskan	8
2016-8-9	G-32-5162548.xml	Martin til Lilleström	8
2016-8-6	G-32-5164346.xml	Sirkusleiksýningin Ass Kombat var sýnd í Tjarnarbíói í gærkvöldi...	8
2016-8-7	G-32-5167966.xml	Krossgátuverðlaun	8
2016-8-3	G-32-5169816.xml	Hátíðin í Ríó er handan við hornið	8
2016-8-6	G-32-5169817.xml	Ávinningur af útboði veiðiheimilda	8
2016-8-5	G-32-5171660.xml	Birgir Skúlason	8
2016-8-2	G-32-5171666.xml	Forsetaskjöl flutt	8
2016-8-4	G-32-5171667.xml	Sæbjúgnakvótinn skorinn niður um þúsund tonn	8
2016-8-5	G-32-5171668.xml	Lækirnir eins og kransæðar mannshjartans	8
2016-8-3	G-32-5175237.xml	Átta íslenskir keppendur á ÓL í Ríó	8
2016-8-8	G-32-5175238.xml	Mér fannst sérkennileg tilfinning að fylgjast með fimleikakeppni...	8
2016-8-2	G-32-5177071.xml	Star Trek Beyond	8
2016-8-3	G-32-5177072.xml	EM karla U-20 Ísland – Pólland 36:24 Mörk Íslands : Óðinn Þór...	8
2016-8-4	G-32-5177073.xml	Orrustuþotur æfðu lendingar á þjóðvegum	8
2016-8-7	G-32-5177074.xml	Ólík sýn á sundferðina	8
2016-8-9	G-32-5177075.xml	Framherjinn Elías Már Ómarsson hefur verið lánaður til sænska...	8
2016-8-9	G-32-5177076.xml	Óttar Björnsson	8
2016-8-5	G-32-5178818.xml	Stjarnan nálgast toppsætið	8
2016-8-5	G-32-5180673.xml	Auka þau ást heimsins á Íslandi?	8
2016-8-6	G-32-5180674.xml	Fætur stráka eru eins og radar	8
2016-8-9	G-32-5180675.xml	Djúpborun að hefjast	8
2016-8-2	G-32-5184316.xml	Fyrsti sigur Jimmy Walker	8
2016-8-4	G-32-5186108.xml	Þetta gerðist...	8
2016-8-3	G-32-5188127.xml	Mömmur, gæludýr og andhetjur	8
2016-8-6	G-32-5188128.xml	Vígamenn myrtu fjölda fólks á vinsælum markaði	8
2016-8-8	G-32-5188129.xml	Ekki hætt eftir fyrsta námskeið	8
2016-8-2	G-32-5191687.xml	Til hamingju með daginn	8
2016-8-9	G-32-5191688.xml	Krasnodar byrjar vel	8
2016-8-2	G-32-5193513.xml	Hátíðarhöld í átján ár	8
2016-8-7	G-32-5193514.xml	Gleðigangan hápunkturinn	8
2016-8-2	G-32-5195338.xml	Meðferðin á eldri borgurum og öryrkjum	8
2016-8-2	G-32-5197188.xml	Horfa þarf til greinarinnar með nýjum hætti	8
2016-8-4	G-32-5198942.xml	Dráttarvélar eru dýrleg tæki	8
2016-8-9	G-32-5198943.xml	Bensínsprengjum hent á hóp fólks	8
2016-8-9	G-32-5200770.xml	Magnús Guðmundsson	8
2016-8-6	G-32-5202664.xml	"""Ertu lesbía?"""	8
2016-8-5	G-32-5204492.xml	Hjálmar Már Kristinsson	8
2016-8-2	G-32-5206255.xml	Sigurbjörg Jóhannsdóttir	8
2016-8-4	G-32-5206256.xml	EM drengja U18 Ísland - Holland 77:66 Stig Íslands: Þórir Þorbjarnarson...	8
2016-8-4	G-32-5208076.xml	Þoli ekki að sjá tækifæri Suðurkjördæmis fara forgörðum	8
2016-8-9	G-32-5208077.xml	Aldrei fleiri farþegar með Icelandair í mánuði	8
2016-8-4	G-32-5209872.xml	0:1 Tobias Salquist 34. fékk sendingu frá Ólafi Páli og skallaði boltann...	8
2016-8-4	G-32-5211706.xml	0:1 Björgvin Stefánsson 8. með skoti af stuttu færi eftir fyrirgjöf frá...	8
2016-8-9	G-32-5211707.xml	Kennie kláraði í Kaplakrika	8
2016-8-8	G-32-5215247.xml	Jökull hopar og fjara fyllist	8
2016-8-3	G-32-5217082.xml	Breytingar á Bessastöðum	8
2016-8-8	G-32-5217083.xml	Hætta í breyttu landi	8
2016-8-3	G-32-5218939.xml	Geitur af gömlum stofni	8
2016-8-6	G-32-5218940.xml	Menningarverðmæti í mikilli niðurníðslu	8
2016-8-6	G-32-5220698.xml	Elsa Viola Backman	8
2016-8-8	G-32-5220699.xml	Ófeigur	8
2016-8-3	G-32-5222478.xml	Eurobandið verður í Græna herberginu	8
2016-8-6	G-32-5222479.xml	Heimur Matthíasar Tryggva	8
2016-8-7	G-32-5222480.xml	Snickers marenskaka	8
2016-8-9	G-32-5222481.xml	Veit af stuðningi frá Íslandi	8
2016-8-5	G-32-5224262.xml	Hálfblekking Wellands. S-Allir Norður &spade;D986 &heart;D10 &diam;972...	8
2016-8-6	G-32-5224263.xml	Bildtópía Evrópusambandsins	8
2016-8-3	G-32-5226037.xml	1. e4 e5 2. Rf3 Rc6 3. Bb5 Rf6 4. 0-0 Rxe4 5. d4 Rd6 6. Bxc6 dxc6 7...	8
2016-8-7	G-32-5226038.xml	Óhljóð jafnt sem ómfögur stef	8
2016-8-9	G-32-5227743.xml	Þróttur R. – Stjarnan 1:1	8
2016-8-4	G-32-5229503.xml	Arnór Gíslason	8
2016-8-5	G-32-5229504.xml	G ísli Þorgeir Kristjánsson hefur skrifað undir samning við...	8
2016-8-7	G-32-5229505.xml	Suicide Squad slátrað af gagnrýnendum	8
2016-8-3	G-32-5231335.xml	Vonir landsstjórnar brugðust í uppboði	8
2016-8-6	G-32-5231336.xml	Latín-kvintett Tómasar á Jómfrúnni	8
2016-8-8	G-32-5231337.xml	Frelsi um spillingu	8
2016-8-4	G-32-5236872.xml	Valur – Víkingur Ó. 3:1	8
2016-8-4	G-32-5238667.xml	Eyjólfur Hjálmsson	8
2016-8-5	G-32-5238668.xml	Þetta hefur verið erfitt	8
2016-8-3	G-32-5240558.xml	Magnús Orri sækist ekki eftir þingsæti	8
2016-8-6	G-32-5242331.xml	"""Mér fannst hún vera að þreyta mig"""	8
2016-8-9	G-32-5242332.xml	Fjárfestar sjá fyrir minni verðbólgu	8
2016-8-6	G-32-5244165.xml	Heyra nú bæði sögunni til	8
2016-8-9	G-32-5244166.xml	Styrking krónunnar skilar sér í verðlækkun nýrra bíla	8
2016-8-3	G-32-5246000.xml	Tafir í komusal í Leifsstöð	8
2016-8-2	G-32-5247804.xml	Djassinn dunar á Kex	8
2016-8-6	G-32-5247805.xml	Suicide Squad	8
2016-8-3	G-32-5249529.xml	Dökkar hliðar færeysku uppboðsleiðarinnar	8
2016-8-5	G-32-5249530.xml	Bedroom Community heldur afmælistónleika á Iceland Airwaves	8
2016-8-9	G-32-5249531.xml	Forsætisnefnd ráðgerir 13 þingfundi á haustþinginu	8
2016-8-3	G-32-5251378.xml	Sigríður Eyþórsdóttir	8
2016-8-4	G-32-5251379.xml	Saman, gaman og borða fisk	8
2016-8-4	G-32-5253261.xml	Hvað gerir Eiður Smári?	8
2016-8-6	G-32-5253262.xml	Tryggvi Ólafsson	8
2016-8-4	G-32-5254964.xml	Þegar unga fólkið eignast börn vill það hafa fisk í matinn	8
2016-8-5	G-32-5254965.xml	"""Komdu sæll og blessaður, takk fyrir síðast"""	8
2016-8-4	G-32-5256770.xml	Varð að eldhafi eftir lendingu	8
2016-8-7	G-32-5256771.xml	Erlent Matthías Tryggvi Haraldsson mth@mbl.is	8
2016-8-4	G-32-5258585.xml	Þ órir Þorbjarnarson var stigahæsti leikmaður íslenska U18 landsliðsins...	8
2016-8-6	G-32-5258586.xml	Vilja að vegur í Ölfusinu verði tvíbreiður	8
2016-8-8	G-32-5258587.xml	Íþrótta maður dagsins	8
2016-8-3	G-32-5260364.xml	Kvartett gítarleikarans Mikaels Mána Ásmundssonar sló á létta strengi á...	8
2016-8-9	G-32-5260365.xml	Árni Sæberg	8
2016-8-2	G-32-5262177.xml	Didi kaupir Uber í Kína	8
2016-8-2	G-32-5264001.xml	Hólmbert lánaður frá KR í Garðabæinn	8
2016-8-8	G-32-5264002.xml	Ragna Halldórsdóttir	8
2016-8-8	G-32-5264003.xml	Metrigning kostaði 20 manns lífið	8
2016-8-2	G-32-5265727.xml	Jason Bourne	8
2016-8-4	G-32-5265728.xml	Útflutningur á skreið til Nígeríu minnkar	8
2016-8-3	G-32-5267540.xml	A ron Dagur Pálsson leikmaður U-20 ára landsliðsins meiddist í leiknum...	8
2016-8-6	G-32-5267541.xml	Beðin um að fara með krakkana í pössun	8
2016-8-8	G-32-5269373.xml	"""Við höfum aldrei upplifað annað eins"""	8
2016-8-2	G-32-5272965.xml	1. d4 Rf6 2. c4 g6 3. Rc3 Bg7 4. e4 d6 5. Be2 O-O 6. Rf3 c5 7. O-O cxd4...	8
2016-8-4	G-32-5272966.xml	Mikil uppbygging	8
2016-8-6	G-32-5274772.xml	Guðmundur Jón Matthíasson	8
2016-8-6	G-32-5274773.xml	Þórunn Einarsdóttir	8
2016-8-2	G-32-5276618.xml	Alphabet og GSK þróa saman lífrafeindatækni	8
2016-8-6	G-32-5276619.xml	Lán að það kviknaði ekki í bústaðnum eftir eldingu	8
2016-8-8	G-32-5276620.xml	Fjölnir – ÍA 4:0	8
2016-8-5	G-32-5278364.xml	SÁÁ reynir að saxa á biðlistann	8
2016-8-9	G-32-5278365.xml	Frítíminn mikilvægur	8
2016-8-3	G-32-5280241.xml	Verðhækkanir á móti lækkun pundsins	8
2016-8-5	G-32-5280242.xml	Sólin elskar alla og sleikir unga sem aldna	8
2016-8-8	G-32-5280243.xml	Fjórða tap Víkinga gegn einbeittum Eyjamönnum	8
2016-8-6	G-32-5282096.xml	Sló 34 ára gamalt skógarmet í Vatnaskógi	8
2016-8-7	G-32-5283913.xml	Ozzy Osbourne í meðferð	8
2016-8-8	G-32-5285674.xml	Hanna Carla Jóhannsdóttir	8
2016-8-4	G-32-5289242.xml	Hið árlega Grímsævintýri á Borg	8
2016-8-7	G-32-5289243.xml	Hljómsveitin Trato leikur á Café Rósenberg í kvöld, laugardag, kl. 22. Á...	8
2016-8-4	G-32-5291086.xml	Góð byrjun ekki nóg gegn Frökkum	8
2016-8-6	G-32-5291087.xml	Atli Viðar Kristinsson	8
2016-8-2	G-32-5292907.xml	Flokkun meistaranna	8
2016-8-6	G-32-5292908.xml	Sigurður Gíslason	8
2016-8-9	G-32-5292909.xml	Nýja kirkjan senn tilbúin	8
2016-8-3	G-32-5294681.xml	EM seinkaði útilegum landsmanna	8
2016-8-6	G-32-5294682.xml	Mjög spenntur en einnig rólegur	8
2016-8-6	G-32-5294683.xml	Jens Albertsson	8
2016-8-3	G-32-5298300.xml	Heimsendir í nánd	8
2016-8-6	G-32-5298301.xml	Bætum gott heilbrigðiskerfi	8
2016-8-3	G-32-5300127.xml	Pennavinabeiðni leiddi til hjónabands	8
2016-8-8	G-32-5300128.xml	Fleiri kysu Clinton til forseta	8
2016-8-8	G-32-5300129.xml	Borgaði allt saman sjálfur	8
2016-8-2	G-32-5303681.xml	Nýr aðalritari hefur störf hjá OPEC	8
2016-8-2	G-32-5307244.xml	"""Fimmtíu manna fjölskylda"" við lónið"	8
2016-8-6	G-32-5307245.xml	Mikið starfað að umferðaröryggismálum	8
2016-8-9	G-32-5307246.xml	Skapnaðir	8
2016-8-5	G-32-5308985.xml	1,9 milljörðum minna í vaxtabætur	8
2016-8-9	G-32-5308986.xml	Aukin verkefni á Íslandi	8
2016-8-2	G-32-5310812.xml	Þörf á kafbátaleit frá Keflavík	8
2016-8-6	G-32-5310813.xml	Veiðum lýkur eftir helgina	8
2016-8-8	G-32-5310814.xml	Bon Iver og The National standa fyrir risavaxinni samstarfshátíð í Berlín	8
2016-8-5	G-32-5312621.xml	Á annað hundrað skálar	8
2016-8-9	G-32-5312622.xml	Auðráðin gáta. A-NS Norður &spade;1042 &heart;ÁK94 &diam;G3 &klubs;ÁD92...	8
2016-8-3	G-32-5314436.xml	Friðsælt og fagurt	8
2016-8-4	G-32-5316267.xml	Ranghugmyndir um uppboðsleið	8
2016-8-4	G-32-5316268.xml	Heineken: grænir galdrar	8
2016-8-2	G-32-5318087.xml	...farið í bókmenntagöngu	8
2016-8-8	G-32-5318088.xml	Fjölnir sló upp sýningu	8
2016-8-4	G-32-5319859.xml	Ófeigur	8
2016-8-4	G-32-5319860.xml	Augnskanni í nýjum Galaxy	8
2016-8-4	G-32-5321671.xml	1:0 Þrumuskot Þórðar Þ. Þórðarsonar rétt utan vítateigs á 10. mínútu...	8
2016-8-2	G-32-5323552.xml	Krotaði ókvæðisorð á þrjár lögreglubifreiðar á Akureyri	8
2016-8-5	G-32-5323553.xml	Sturla Atlas hitar upp fyrir Justin Bieber	8
2016-8-6	G-32-5323554.xml	Þau bestu tilnefnd	8
2016-8-4	G-32-5325267.xml	Heineken tryggir áhættudreifingu	8
2016-8-5	G-32-5325268.xml	Málið	8
2016-8-6	G-32-5325269.xml	Lítið eftirlit með rafrettum	8
2016-8-8	G-32-5325270.xml	Víkingur Ó – ÍBV 0:1	8
2016-8-2	G-32-5327048.xml	Donald Trump, NATO og Ísland	8
2016-8-4	G-32-5328836.xml	KR skildi Þrótt eftir í kjallaranum	8
2016-8-5	G-32-5332470.xml	Okkar fólk í Ríó	8
2016-8-6	G-32-5332471.xml	Jórunn Magnúsdóttir	8
2016-8-6	G-32-5332472.xml	Smellti mynd af áhöfn aflaskipsins	8
2016-8-9	G-32-5332473.xml	Sundi lýst af yfirvegun og þekkingu	8
2016-8-9	G-32-5334286.xml	Víkingur R. – Breiðablik 3:1	8
2016-8-4	G-32-5339724.xml	Ætla að útbúa 110 þúsund matarskammta	8
2016-8-5	G-32-5339725.xml	Sjá ekki eftir ákvörðun um Brexit	8
2016-8-8	G-32-5339726.xml	Fleiri tarfar ættu að vera veiddir	8
2016-8-2	G-32-5341470.xml	Skemmtilegt að leika lausum hala	8
2016-8-9	G-32-5343272.xml	Jafnréttis- og mannréttindamál í brennidepli	8
2016-8-9	G-32-5343273.xml	Annar í gæsluvarðhaldi eftir skotárásina	8
2016-8-9	G-32-5345088.xml	Sjálfsmorðsgengið halar inn milljónir	8
2016-8-2	G-32-5352235.xml	Grípandi þögn	8
2016-8-6	G-32-5352236.xml	Hartmann Jónsson	8
2016-8-4	G-32-5355899.xml	Garðabær Maísól Fransdóttir fæddist á Landspítalanum 13. júlí 2015 kl...	8
2016-8-5	G-32-5357756.xml	Nú er skattalækkun nauðsyn	8
2016-8-6	G-32-5357757.xml	Sól og blíða á súpukvöldi	8
2016-8-7	G-32-5357758.xml	Elísabet Jökulsdóttir rithöfundur lagði spurningu fyrir vini sína á...	8
2016-8-8	G-32-5357759.xml	"""Járnfrúin"" stórbætti heimsmet"	8
2016-8-4	G-32-5359538.xml	Leynilíf Gæludýra Hundurinn max hefur ekki yfir miklu að kvarta...	8
2016-8-3	G-32-5361364.xml	Er Ríó-borg reiðubúin?	8
2016-8-4	G-32-5361365.xml	Mest ómissandi mas ársins	8
2016-8-7	G-32-5361366.xml	Konungur íslenzkra íþróttamanna	8
2016-8-9	G-32-5361367.xml	Hafa fengið nokkra túnfiska	8
2016-8-9	G-32-5363199.xml	Ég hef augu mín til fjallanna, hvaðan kemur mér hjálp? Hjálp mín kemur...	8
2016-8-7	G-32-5364997.xml	Star Wars-þættir hjá ABC	8
2016-8-8	G-32-5364998.xml	Flest málin á Höfn	8
2016-8-8	G-32-5364999.xml	Einn í haldi og annar á flótta eftir skotárás í Breiðholti	8
2016-8-6	G-32-5366850.xml	Vígamenn rændu 3.000 manns	8
2016-8-2	G-32-5368694.xml	Telja villta laxastofninum ógnað	8
2016-8-6	G-32-5368695.xml	Arnold B. Bjarnason	8
2016-8-6	G-32-5368696.xml	Teikningar og tónlist í síldarverksmiðju	8
2016-8-6	G-32-5372412.xml	Já, mál er að linni	8
2016-8-2	G-32-5374292.xml	Vandi hugarfarsins – stjórnarstefnan	8
2016-8-6	G-32-5374293.xml	Samstarf sem leiðir til framfara	8
2016-8-8	G-32-5374294.xml	44. sæti besti árangurinn	8
2016-8-4	G-32-5376108.xml	Regnbogafáni málaður á húsvegg	8
2016-8-9	G-32-5376109.xml	Theodór Karlsson	8
2016-8-5	G-32-5377885.xml	Bílaflotinn endurnýjaður	8
2016-8-2	G-32-5379620.xml	Fyrirsjáanlegt á Selfossi	8
2016-8-8	G-32-5379621.xml	Fyrsti titill José Mourinho í höfn hjá Manchester United	8
2016-8-2	G-32-5381318.xml	Miðnæturveisla Suicide Squad	8
2016-8-3	G-32-5381319.xml	Gúrmefæði á flandri	8
2016-8-4	G-32-5381320.xml	Gótík og dramatík í Hallgrímskirkju	8
2016-8-2	G-32-5383116.xml	Sónötur fyrir selló og píanó í Hannesarholti	8
2016-8-3	G-32-5384944.xml	Niðurníddur Bretabraggi öðlast nýtt líf	8
2016-8-4	G-32-5384945.xml	Bárðarbunga skelfur	8
2016-8-5	G-32-5384946.xml	Starfshópur geri tillögur um aukið öryggi	8
2016-8-2	G-32-5386828.xml	Sigurður Oddur Gunnarsson	8
2016-8-3	G-32-5386829.xml	Ég tel það vera skynsamlega niðurstöðu hjá Gylfa Þór Sigurðssyni að...	8
2016-8-5	G-32-5386830.xml	Ófeigur	8
2016-8-2	G-32-5388599.xml	Kjartan á skotskónum	8
2016-8-5	G-32-5388600.xml	Líkindareikningur í stað tækja	8
2016-8-5	G-32-5388601.xml	Gott gengi í Evrópu	8
2016-8-2	G-32-5390414.xml	Ferðamenn borði nestið í íslensku roki	8
2016-8-6	G-32-5390415.xml	Guðmundur Stefán Jacobsen	8
2016-8-4	G-32-5393935.xml	Teljast hæfir í flest störf að loknu námi	8
2016-8-2	G-32-5395700.xml	Óheppilegt orðalag þingmanns Pírata	8
2016-8-5	G-32-5395701.xml	Ari Shaffir með uppistand í Hörpu	8
2016-8-8	G-32-5395702.xml	1. e4 e6 2. d4 d5 3. Rd2 c5 4. exd5 exd5 5. Rgf3 Rf6 6. Bb5+ Bd7 7...	8
2016-8-4	G-32-5401290.xml	"""Við getum öll lært af fólkinu sem hér býr"""	8
2016-8-3	G-32-5403032.xml	Útilegusumarið stutt vegna EM	8
2016-8-5	G-32-5403033.xml	Skattar, auðlindamat, aðför og íslam	8
2016-8-7	G-32-5403034.xml	Alþingi á að ráða ef stytta á kjörtímabil	8
2016-8-4	G-32-5404810.xml	Forlagið hefur alltaf skilað hagnaði	8
2016-8-9	G-32-5406621.xml	Bakslag fyrir her Assads	8
2016-8-2	G-32-5408387.xml	Anna Gréta á Íslandi	8
2016-8-8	G-32-5410221.xml	Gleðigangan var gengin frá Vatnsmýrarvegi að Arnarhóli á laugardaginn en...	8
2016-8-9	G-32-5412049.xml	Þegar kjördagur verður ákveðinn þá kemur málþóf	8
2016-8-3	G-32-5413890.xml	Guðni Valur Guðnason	8
2016-8-4	G-32-5413891.xml	Breiðablik – Fylkir 1:1	8
2016-8-6	G-32-5413892.xml	Kostar 16 kr. á hvert tonn	8
2016-8-5	G-32-5415621.xml	Met í Upplýsingamiðstöð	8
2016-8-7	G-32-5415622.xml	Frímerkjasafnarinn John Lennon	8
2016-8-8	G-32-5415623.xml	KNATTSPYRNA Úrvalsdeild karla, Pepsi-deildin: Þróttarv.: Þróttur R...	8
2016-8-2	G-32-5417460.xml	Endurskoða þarf mál á Flúðum	8
2016-8-3	G-32-5419319.xml	FME sektar ekki fyrir alvarleg brot	8
2016-8-6	G-32-5419320.xml	Jason Bourne Nokkur ár eru liðin frá því Jason Bourne lét sig hverfa...	8
2016-8-8	G-32-5421132.xml	Tankurinn vígður á Djúpavogi í kvöld	8
2016-8-2	G-32-5422957.xml	Ræða við Krispy Kreme	8
2016-8-2	G-32-5422958.xml	Chiara G. Bertulli	8
2016-8-2	G-32-5422959.xml	Fjársvikarar þóttust vera íslenskir	8
2016-8-4	G-32-5422960.xml	KR – Þróttur R. 2:1	8
2016-8-4	G-32-5424766.xml	Eignir jukust og skuldir minnkuðu	8
2016-8-9	G-32-5426572.xml	Dansiball í Lúxemborgargörðunum	8
2016-8-6	G-32-5428394.xml	Kempisty í blakið hjá Aftureldingu	8
2016-8-8	G-32-5428395.xml	Hver er hann?	8
2016-8-4	G-32-5431929.xml	Allir geti lært af starfi Sólheima	8
2016-8-4	G-32-5433813.xml	Skapar sem mest úr sem minnstu	8
2016-8-9	G-32-5433814.xml	Víkverji	8
2016-8-3	G-32-5435628.xml	Eitt kynferðisbrot til rannsóknar	8
2016-8-6	G-32-5435629.xml	Ekki feimnismál hvert Eygló Ósk stefnir í Ríó	8
2016-8-6	G-32-5435630.xml	Draumastarfið	8
2016-8-9	G-32-5435631.xml	Allskonar útivist fyrir allskonar fólk	8
2016-8-6	G-32-5437478.xml	Á að stytta öll kjörtímabil?	8
2016-8-8	G-32-5437479.xml	Bitcoin jafnar sig eftir risaþjófnað	8
2016-8-2	G-32-5439294.xml	Samloka, hrútur og vísa með hrekki	8
2016-8-8	G-32-5439295.xml	Stórtónleikar Muse er ein af vinsælustu hljómsveitum heims og brást...	8
2016-8-5	G-32-5441136.xml	60 ár frá þrekvirkinu í Öxnadal	8
2016-8-9	G-32-5442902.xml	Njáll Þórðarson	8
2016-8-3	G-32-5444690.xml	Þormóður Árni Jónsson	8
2016-8-9	G-32-5444691.xml	Íþrótta maður dagsins	8
2016-8-4	G-32-5446460.xml	...missið ekki af hversdagsleikanum í Kópavogi	8
2016-8-4	G-32-5448254.xml	Misskilningur og annað verra	8
2016-8-3	G-32-5450023.xml	Taka verður slaginn og lifa lífinu	8
2016-8-4	G-32-5450024.xml	Ásta Pétursdóttir	8
2016-8-4	G-32-5450025.xml	Víðir Sigurðsson	8
2016-8-8	G-32-5450026.xml	Stanslaust stuð í Laugardalshöll á laugardagskvöld	8
2016-8-5	G-32-5451869.xml	Framleiðslan áttfaldaðist á viku	8
2016-8-9	G-32-5453598.xml	Brún tré og runnar vegna skordýraplága	8
2016-8-4	G-32-5455354.xml	Allt um býflugurnar og blómin og líka kíkt á humla og geitunga	8
2016-8-4	G-32-5455355.xml	Táknræn mynd. N-Allir Norður &spade;KDG1094 &heart;1054 &diam;65...	8
2016-8-6	G-32-5455356.xml	EM karla U20 Leikir um 5.-8. sæti: Ísland – Danmörk 28:34 Mörk...	8
2016-8-7	G-32-5455357.xml	Ég er rosalega ánægð að hlébarðamustrið sé að koma aftur í haust og er...	8
2016-8-9	G-32-5455358.xml	Óttar Magnús svaraði kallinu	8
2016-8-2	G-32-5457156.xml	Gunnar Guðjónsson	8
2016-8-5	G-32-5457157.xml	Pepsi-deild karla Stjarnan – Víkingur R . 3:0 Staðan: FH...	8
2016-8-9	G-32-5457158.xml	Það eina alvarlega sem ég get sett út á Ólympíuleikana í Ríó til þessa...	8
2016-8-6	G-32-5458955.xml	Strandveiðin setti svip á Norðurfjörð	8
2016-8-6	G-32-5458956.xml	Kenn mér að gera vilja þinn því að þú ert Guð minn, þinn góði andi leiði...	8
2016-8-8	G-32-5460690.xml	GAMMA veitt starfsleyfi í London	8
2016-8-5	G-32-5462529.xml	Víðir Sigurðsson	8
2016-8-7	G-32-5462530.xml	Breskur pöbb í rómversku spilavíti	8
2016-8-4	G-32-5466223.xml	Víkverji	8
2016-8-7	G-32-5466224.xml	Vanrækt í æsku en varð stjarna í fimleikum	8
2016-8-8	G-32-5466225.xml	Freyr Antonsson	8
2016-8-8	G-32-5466226.xml	Málið	8
2016-8-4	G-32-5468030.xml	Miklar áskoranir í rekstri Rio Tinto	8
2016-8-9	G-32-5468031.xml	1:0 Christian S ør ensen 19. fékk lága fyrirgjöf frá Dion Acoff eftir...	8
2016-8-3	G-32-5469881.xml	Óvæntur dauðdagi tyrkneskrar veraldarhyggju	8
2016-8-7	G-32-5471681.xml	Skarpari hugsun en verri axlir	8
2016-8-8	G-32-5471682.xml	Miklir möguleikar eru á Miðnesheiðinni	8
2016-8-9	G-32-5473539.xml	Fútt komið í toppbaráttuna	8
2016-8-4	G-32-5475366.xml	Þúsundir Zúista ekki fengið greitt	8
2016-8-6	G-32-5475367.xml	Rússar verja stefnu sína innan Sýrlands	8
2016-8-7	G-32-5475368.xml	Úr ýmsum áttum í Ríó	8
2016-8-3	G-32-5477190.xml	Málefni sem þarf að ræða	8
2016-8-9	G-32-5477191.xml	Jason Bourne Nokkur ár eru liðin frá því Jason Bourne lét sig hverfa...	8
2016-8-6	G-32-5478905.xml	Golli	8
2016-8-8	G-32-5480758.xml	Vilja lágmarka tap útflytjenda	8
2016-8-3	G-32-5484370.xml	Víkverji	8
2016-8-4	G-32-5486225.xml	Ungum fækkar og þeim eldri fjölgar	8
2016-8-9	G-32-5486226.xml	"""Hefði verið mjög gaman að keppa fyrir Ísland"""	8
2016-8-3	G-32-5489790.xml	Hæft að fara með aukinn virkan eignarhlut	8
2016-8-5	G-32-5495194.xml	Evrópa: Róðurinn gegn hryðjuverkamönnum þyngist	8
2016-8-3	G-32-5496884.xml	Málið	8
2016-8-5	G-32-5496885.xml	Íþrótta maður dagsins	8
2016-8-6	G-32-5496886.xml	Vöxtur, vaxtarverkir og margvísleg tækifæri	8
2016-8-2	G-32-5498633.xml	Málið	8
2016-8-4	G-32-5498634.xml	Fleiri nemendur – færri skólar	8
2016-8-6	G-32-5498635.xml	Skothvellir í Breiðholti í gær	8
2016-8-8	G-32-5498636.xml	Friðjón Ingi , Jósep Dagur , Kolbrún Emma , Kjartan Tumi og Ester Ugla...	8
2016-8-7	G-32-5500477.xml	Úthýsa dýraafurðum	8
2016-8-2	G-32-5502209.xml	Hinsegin söguganga um valda staði í miðborg Reykjavíkur	8
2016-8-3	G-32-5502210.xml	Óþolandi forræðishyggja	8
2016-8-5	G-32-5505900.xml	Selfoss valtaði yfir Leikni og Haukar unnu Framara	8
2016-8-6	G-32-5507723.xml	Ingunn Gunnlaugsdóttir	8
2016-8-8	G-32-5507724.xml	FH-ingar stöðvuðu sex ára sigurgöngu ÍR-inga	8
2016-8-2	G-32-5509528.xml	Bangsímon og snigill og flygill	8
2016-8-4	G-32-5509529.xml	Hverfisgatan brátt tilbúin	8
2016-8-4	G-32-5511335.xml	Tatum verði hafmaður í endugerð Splash	8
2016-8-3	G-32-5513109.xml	Ragnar Gerald Ragnarsson	8
2016-8-4	G-32-5513110.xml	Kalla eftir rannsókn á eldflaugaskotum	8
2016-8-4	G-32-5513111.xml	Oyama, Teitur og Indriði á Húrra	8
2016-8-6	G-32-5513112.xml	"""Ég er nátthrafn"""	8
2016-8-6	G-32-5513113.xml	1. e4 e6 2. d4 d5 3. Rc3 Bb4 4. e5 c5 5. a3 Ba5 6. b4 cxd4 7. Dg4 Re7 8...	8
2016-8-8	G-32-5513114.xml	Ríki íslams stóð fyrir sveðjuárás	8
2016-8-6	G-32-5514902.xml	Takk Illugi – takk ríkisstjórn	8
2016-8-6	G-32-5514903.xml	Öflugasta hljóðkerfi landsins	8
2016-8-4	G-32-5516706.xml	Íslenskur kokkur slær í gegn í New York	8
2016-8-6	G-32-5516707.xml	Magnús Jóhannesson	8
2016-8-6	G-32-5516708.xml	KNATTSPYRNA Úrvalsdeild karla: Ólafsvíkurvöllur: Víkingur Ó. - ÍBV S16...	8
2016-8-8	G-32-5516709.xml	Þúsundir út að styðja forsetann	8
2016-8-5	G-32-5518554.xml	Trúir á hið góða í fólki og drekkur te	8
2016-8-9	G-32-5520307.xml	Ásta Aðalheiður Sigurbjörnsdóttir	8
2016-8-5	G-32-5522055.xml	Þræðir í gallerí Klaustri	8
2016-8-7	G-32-5522056.xml	Ingimar Karl Helgason Ég geri það í anda, verð í bústað, en flýg...	8
2016-8-8	G-32-5522057.xml	Bílastæði skortir fyrir reksturinn	8
2016-8-6	G-32-5523832.xml	Fuglar og form	8
2016-8-7	G-32-5523833.xml	Myndasögublað á milljón	8
2016-8-4	G-32-5525644.xml	Varnarþörf Íslands fullnægt fyrr í sumar	8
2016-8-8	G-32-5525645.xml	Vegir ástarinnar í Listasafni Sigurjóns	8
2016-8-2	G-32-5527442.xml	Gleði og gaman	8
2016-8-9	G-32-5527443.xml	Jóel Bachmann Jóelsson	8
2016-8-5	G-32-5529293.xml	Ósammála um kjörtímabilið	8
2016-8-4	G-32-5531065.xml	Forsetinn flytur ræðu vináttukeðjunnar	8
2016-8-4	G-32-5531066.xml	Ásta Pétursdóttir	8
2016-8-8	G-32-5531067.xml	Fylkir – Valur 2:2	8
2016-8-9	G-32-5531068.xml	Fyrirmyndunum er fylgt	8
2016-8-2	G-32-5532828.xml	Íþrótta maður dagsins	8
2016-8-8	G-32-5532829.xml	Alltaf haft nóg að gera í tónlistinni	8
2016-8-3	G-32-5534605.xml	Leynilíf Gæludýra Hundurinn max hefur ekki yfir miklu að kvarta...	8
2016-8-4	G-32-5534606.xml	Lögreglumaður studdi Ríki íslams	8
2016-8-3	G-32-5536406.xml	Aron Freyr Garðarsson	8
2016-8-3	G-32-5538400.xml	Grunnskóli sem einbeitir sér að hreyfingu	8
2016-8-6	G-32-5538401.xml	Mikil tækifæri til að endurheimta votlendi	8
2016-8-2	G-32-5540818.xml	Í haldi vegna eldsvoða	8
2016-8-2	G-32-5540819.xml	Sigríður Skúladóttir	8
2016-8-3	G-32-5540820.xml	Óvíst hvort Gary Martin verði lánaður til Lilleström	8
2016-8-9	G-32-5540821.xml	Verð á nýjum bílum hefur lækkað	8
2016-8-4	G-32-5542605.xml	Vinnu við deiliskipulag Ólafsdals að ljúka	8
2016-8-9	G-32-5544414.xml	Solveig Edda í Edinborgarhúsinu	8
2016-8-3	G-32-5546182.xml	Tilbúinn að berjast um sætið	8
2016-8-6	G-32-5547913.xml	Klár fótboltamaður með mikla spyrnugetu	8
2016-8-4	G-32-5549688.xml	Breytingar á regluverki vegna skammtíma útleigu íbúða	8
2016-8-5	G-32-5549689.xml	Heitur stuðningsmaður Stjörnunnar	8
2016-8-4	G-32-5551492.xml	Stendur í endurbyggingu gamalla húsa	8
2016-8-5	G-32-5551493.xml	Jóhann Friðrik Kárason	8
2016-8-3	G-32-5555217.xml	Darri Atlason	8
2016-8-8	G-32-5555218.xml	Jason Bourne Nokkur ár eru liðin frá því Jason Bourne lét sig hverfa...	8
2016-8-4	G-32-5556977.xml	1:0 Damir Muminovic 54. sleit sig lausan og skallaði boltann í netið...	8
2016-8-3	G-32-5558768.xml	Göslarinn Giorgio. A-Enginn Norður &spade;9875 &heart;&ndash...	8
2016-8-7	G-32-5558769.xml	Jörð og menn lifa lengur	8
2016-8-9	G-32-5558770.xml	Fimm fóru út af meiddir	8
2016-8-9	G-32-5558771.xml	Suicide Squad	8
2016-8-3	G-32-5560593.xml	Ný vísbending sanni sakleysi	8
2016-8-4	G-32-5564237.xml	Hjólað með leiðsögn um Viðey	8
2016-8-6	G-32-5564238.xml	Lifandi og kvikar myndir á STRÆTI	8
2016-8-6	G-32-5564239.xml	Metfjöldi í miðstöðinni	8
2016-8-2	G-32-5565984.xml	Spilaði fótbolta í efstu deild á Englandi	8
2016-8-5	G-32-5565985.xml	Guðni verður ræðumaður á Hólahátíð	8
2016-8-3	G-32-5567816.xml	Útlit fyrir góða berjasprettu um land allt	8
2016-8-7	G-32-5567817.xml	Jafnvægið ótrúlegt	8
2016-8-7	G-32-5569642.xml	Skyrmús með bökuðum eplum, pekanhnetum og kanil	8
2016-8-8	G-32-5569643.xml	Er vænlegt að hóta kjósendum?	8
2016-8-3	G-32-5573128.xml	Margrét Oddgeirsdóttir	8
2016-8-4	G-32-5573129.xml	Eiður Smári sagði skilið við norska liðið Molde	8
2016-8-7	G-32-5573130.xml	Marensinn alltaf vinsæll	8
2016-8-2	G-32-5576709.xml	"Jesús sagði: ""Óttast ekki, trú þú aðeins."" (Mark. 5:36)..."	8
2016-8-5	G-32-5576710.xml	Þetta er erfitt en mögulegt	8
2016-8-4	G-32-5578452.xml	Veislan er hafin í Ríó en þó ekki	8
2016-8-4	G-32-5578453.xml	Atli sló met Inga Björns	8
2016-8-7	G-32-5578454.xml	Tvö skópör eru nóg	8
2016-8-2	G-32-5580309.xml	Tónlistarhátíðin Innipúkinn fór fram um helgina á skemmtistöðunum Húrra...	8
2016-8-3	G-32-5580310.xml	Tafl og borðspil í Árbæjarsafni	8
2016-8-9	G-32-5580311.xml	Forsetinn á Facebook	8
2016-8-5	G-32-5582093.xml	Sigur Rós flytur nýtt efni í LA	8
2016-8-9	G-32-5582094.xml	Risaflugskýli rís brátt	8
2016-8-6	G-32-5583929.xml	Fyrirlitning á smáþjóðum	8
2016-8-7	G-32-5583930.xml	Hvar er Þorlákshöfn?	8
2016-8-8	G-32-5583931.xml	Fjármálaútrás hafin á ný	8
2016-8-4	G-32-5585716.xml	Nýr stjórnandi Rio Tinto segir aðstæður enn vera erfiðar	8
2016-8-2	G-32-5587536.xml	Herdís Þorgrímsdóttir	8
2016-8-4	G-32-5587537.xml	Fallon kynnir á Golden Globe	8
2016-8-8	G-32-5587538.xml	Gunnar Böðvarsson	8
2016-8-5	G-32-5589450.xml	Íslendingar keppa undir öðrum fánum á ÓL	8
2016-8-3	G-32-5591264.xml	Aníta Hinriksdóttir	8
2016-8-4	G-32-5591265.xml	Jóhann Friðrik Kárason	8
2016-8-9	G-32-5591266.xml	Sigurbjörg Jóhannsdóttir	8
2016-8-4	G-32-5593114.xml	Berja á uppreisnarmönnum	8
2016-8-8	G-32-5593115.xml	Af forsetanum, góðum heimtum og hellusteinum	8
2016-8-9	G-32-5593116.xml	Íslenski fáninn seldur til Kanada	8
2016-8-2	G-32-5596656.xml	Gæðastimpill ferðaþjónustunnar	8
2016-8-3	G-32-5596657.xml	Á yfir milljónir mynda í ljósmyndasafni sínu	8
2016-8-3	G-32-5596658.xml	Lækkun hlutabréfa mest á Íslandi af Norðurlöndunum	8
2016-8-4	G-32-5596659.xml	Grunaður fíkniefnasali handtekinn	8
2016-8-7	G-32-5596660.xml	Meira en bara úr og súkkulaði	8
2016-8-7	G-32-5596661.xml	Kostir	8
2016-8-6	G-32-5598494.xml	Kúabúskapur myndi minnka um allt að þriðjung	8
2016-8-7	G-32-5598495.xml	Muse á Íslandi á ný	8
2016-8-8	G-32-5598496.xml	Sögulegt og súrt í lauginni	8
2016-8-4	G-32-5600369.xml	Íþrótta maður dagsins	8
2016-8-3	G-32-5602037.xml	Sveinn Guðmundsson	8
2016-8-6	G-32-5602038.xml	"Trump er ""ógn við þjóðaröryggi"""	8
2016-8-2	G-32-5605745.xml	Hofer með forskot	8
2016-8-3	G-32-5605746.xml	Gefa vinnu til minningar um Egil Ólafsson	8
2016-8-6	G-32-5605747.xml	Bætist við vöruviðskiptahallann	8
2016-8-2	G-32-5607514.xml	Sylvía valin í úrvalslið Evrópumótsins	8
2016-8-4	G-32-5607515.xml	Tengsl borgaralegra gilda og hagsældar	8
2016-8-5	G-32-5607516.xml	Misþyrmt og drepinn sökum kynhneigðar	8
2016-8-6	G-32-5607517.xml	Anton Sveinn ríður á vaðið	8
2016-8-6	G-32-5609368.xml	Orkuþörf gagnavera gæti tvöfaldast	8
2016-8-2	G-32-5611166.xml	Inkasso-deild karla Selfoss – Keflavík 0:0 England A-deild kvenna...	8
2016-8-3	G-32-5611167.xml	Aldrei fleiri farþegar með Herjólfi til Eyja	8
2016-8-5	G-32-5613014.xml	Stjarnan – Víkingur R. 3:0	8
2016-8-6	G-32-5613015.xml	Róbert Orri Arason , Daníel Pétur Gunnþórsson og Alexander Úlfur Jónsson...	8
2016-8-5	G-32-5614793.xml	Fjöldi launþega í gististarfsemi tvöfaldast á fimm árum	8
2016-8-6	G-32-5614794.xml	Til hamingju með daginn	8
2016-8-4	G-32-5616645.xml	Pepsi-deild karla ÍBV – Fjölnir 0:2 Tobias Salquist 34., Þórir...	8
2016-8-4	G-32-5616646.xml	Með landnámshænur í sveitinni	8
2016-8-6	G-32-5616647.xml	Hilmar Árni góður alhliða leikmaður	8
2016-8-8	G-32-5616648.xml	Jóna Sigurðardóttir	8
2016-8-3	G-32-5618483.xml	Sumarklassík í Safnahúsinu á Húsavík	8
2016-8-9	G-32-5620221.xml	Fjölþætt samstarf	8
2016-8-6	G-32-5623865.xml	"""Helgi var augljós kostur"""	8
2016-8-5	G-32-5625656.xml	Samtals 123 milljarðar	8
2016-8-6	G-32-5625657.xml	Soffía Lillý Jóhannesdóttir	8
2016-8-6	G-32-5625658.xml	Meira af makríl við landið en áður	8
2016-8-6	G-32-5627495.xml	Stefnir í metsölu bíla	8
2016-8-8	G-32-5627496.xml	Ómar með Hyldýpið um Geirfinnsmál	8
2016-8-3	G-32-5629302.xml	Jason Bourne vinsælastur um helgina	8
2016-8-5	G-32-5629303.xml	Selfoss náði seiglustigi gegn misjöfnu liði Blika	8
2016-8-7	G-32-5629304.xml	Opna sig upp á gátt	8
2016-8-9	G-32-5629305.xml	Menn og hvalir fá mikinn makríl	8
2016-8-3	G-32-5631220.xml	Segir Vesturlönd styðja hryðjuverk	8
2016-8-6	G-32-5633018.xml	Hvetja Dag Sigurðsson áfram	8
2016-8-6	G-32-5633019.xml	Íþrótta maður dagsins	8
2016-8-3	G-32-5634800.xml	Kristín Margrét Guðmundsdóttir	8
2016-8-4	G-32-5634801.xml	Öryggisgæsla aukin til muna	8
2016-8-5	G-32-5634802.xml	Þetta gerðist...	8
2016-8-5	G-32-5636601.xml	Aukið sjálfstraust eftir árangurinn á HM og EM	8
2016-8-6	G-32-5636602.xml	Finlandia, sænsk þjóðlög og spuni	8
2016-8-6	G-32-5636603.xml	Þetta gerðist...	8
2016-8-6	G-32-5638321.xml	"""Með algjöra stjórn"""	8
2016-8-7	G-32-5638322.xml	Veggmynd hulin og gleymd í áratugi	8
2016-8-8	G-32-5638323.xml	Þetta gerðist...	8
2016-8-3	G-32-5640140.xml	ÁSDÍS HJÁLMSDÓTTIR	8
2016-8-3	G-32-5643836.xml	Meistaradeild Evrópu 3. umferð, seinni leikir: APOEL – Rosenborg...	8
2016-8-5	G-32-5643837.xml	Rósa Sigrún sýnir í MAC International	8
2016-8-7	G-32-5645671.xml	Stjarna sem skín skært	8
2016-8-4	G-32-5647531.xml	Fjörkálfur eða l'enfant terrible	8
2016-8-4	G-32-5647532.xml	Þorsteinn ráðinn til starfa hjá Landsbjörgu	8
2016-8-6	G-32-5647533.xml	Þorgerður Þorvaldsdóttir	8
2016-8-6	G-32-5647534.xml	Ingibjörg Baldursdóttir	8
2016-8-9	G-32-5647535.xml	Sveinn P. Jakobsson	8
